"PSRR (iLoad=1e-07,vdd=1.1) X","PSRR (iLoad=1e-07,vdd=1.1) Y","PSRR (iLoad=1e-07,vdd=1.136842) X","PSRR (iLoad=1e-07,vdd=1.136842) Y","PSRR (iLoad=1e-07,vdd=1.173684) X","PSRR (iLoad=1e-07,vdd=1.173684) Y","PSRR (iLoad=1e-07,vdd=1.210526) X","PSRR (iLoad=1e-07,vdd=1.210526) Y","PSRR (iLoad=1e-07,vdd=1.247368) X","PSRR (iLoad=1e-07,vdd=1.247368) Y","PSRR (iLoad=1e-07,vdd=1.284211) X","PSRR (iLoad=1e-07,vdd=1.284211) Y","PSRR (iLoad=1e-07,vdd=1.321053) X","PSRR (iLoad=1e-07,vdd=1.321053) Y","PSRR (iLoad=1e-07,vdd=1.357895) X","PSRR (iLoad=1e-07,vdd=1.357895) Y","PSRR (iLoad=1e-07,vdd=1.394737) X","PSRR (iLoad=1e-07,vdd=1.394737) Y","PSRR (iLoad=1e-07,vdd=1.431579) X","PSRR (iLoad=1e-07,vdd=1.431579) Y","PSRR (iLoad=1e-07,vdd=1.468421) X","PSRR (iLoad=1e-07,vdd=1.468421) Y","PSRR (iLoad=1e-07,vdd=1.505263) X","PSRR (iLoad=1e-07,vdd=1.505263) Y","PSRR (iLoad=1e-07,vdd=1.542105) X","PSRR (iLoad=1e-07,vdd=1.542105) Y","PSRR (iLoad=1e-07,vdd=1.578947) X","PSRR (iLoad=1e-07,vdd=1.578947) Y","PSRR (iLoad=1e-07,vdd=1.615789) X","PSRR (iLoad=1e-07,vdd=1.615789) Y","PSRR (iLoad=1e-07,vdd=1.652632) X","PSRR (iLoad=1e-07,vdd=1.652632) Y","PSRR (iLoad=1e-07,vdd=1.689474) X","PSRR (iLoad=1e-07,vdd=1.689474) Y","PSRR (iLoad=1e-07,vdd=1.726316) X","PSRR (iLoad=1e-07,vdd=1.726316) Y","PSRR (iLoad=1e-07,vdd=1.763158) X","PSRR (iLoad=1e-07,vdd=1.763158) Y","PSRR (iLoad=1e-07,vdd=1.8) X","PSRR (iLoad=1e-07,vdd=1.8) Y","PSRR (iLoad=0.01,vdd=1.1) X","PSRR (iLoad=0.01,vdd=1.1) Y","PSRR (iLoad=0.01,vdd=1.136842) X","PSRR (iLoad=0.01,vdd=1.136842) Y","PSRR (iLoad=0.01,vdd=1.173684) X","PSRR (iLoad=0.01,vdd=1.173684) Y","PSRR (iLoad=0.01,vdd=1.210526) X","PSRR (iLoad=0.01,vdd=1.210526) Y","PSRR (iLoad=0.01,vdd=1.247368) X","PSRR (iLoad=0.01,vdd=1.247368) Y","PSRR (iLoad=0.01,vdd=1.284211) X","PSRR (iLoad=0.01,vdd=1.284211) Y","PSRR (iLoad=0.01,vdd=1.321053) X","PSRR (iLoad=0.01,vdd=1.321053) Y","PSRR (iLoad=0.01,vdd=1.357895) X","PSRR (iLoad=0.01,vdd=1.357895) Y","PSRR (iLoad=0.01,vdd=1.394737) X","PSRR (iLoad=0.01,vdd=1.394737) Y","PSRR (iLoad=0.01,vdd=1.431579) X","PSRR (iLoad=0.01,vdd=1.431579) Y","PSRR (iLoad=0.01,vdd=1.468421) X","PSRR (iLoad=0.01,vdd=1.468421) Y","PSRR (iLoad=0.01,vdd=1.505263) X","PSRR (iLoad=0.01,vdd=1.505263) Y","PSRR (iLoad=0.01,vdd=1.542105) X","PSRR (iLoad=0.01,vdd=1.542105) Y","PSRR (iLoad=0.01,vdd=1.578947) X","PSRR (iLoad=0.01,vdd=1.578947) Y","PSRR (iLoad=0.01,vdd=1.615789) X","PSRR (iLoad=0.01,vdd=1.615789) Y","PSRR (iLoad=0.01,vdd=1.652632) X","PSRR (iLoad=0.01,vdd=1.652632) Y","PSRR (iLoad=0.01,vdd=1.689474) X","PSRR (iLoad=0.01,vdd=1.689474) Y","PSRR (iLoad=0.01,vdd=1.726316) X","PSRR (iLoad=0.01,vdd=1.726316) Y","PSRR (iLoad=0.01,vdd=1.763158) X","PSRR (iLoad=0.01,vdd=1.763158) Y","PSRR (iLoad=0.01,vdd=1.8) X","PSRR (iLoad=0.01,vdd=1.8) Y"
1,-48.39844123278299,1,-52.30514223182271,1,-55.56281896689086,1,-58.41418508465091,1,-61.01738410879819,1,-63.56300727751714,1,-66.20197664392262,1,-69.15171014514902,1,-72.78438386890038,1,-78.06590828502802,1,-84.00271217878259,1,-85.00322387579214,1,-76.93602007618186,1,-72.84950894707892,1,-70.03248087652702,1,-67.76488738819965,1,-65.60334300807232,1,-63.31148381935579,1,-60.65672944365392,1,-57.28562734362792,1,-34.03332523750656,1,-48.53930820338883,1,-58.45436653992179,1,-67.14182141075099,1,-72.46013637936049,1,-86.96414365740485,1,-113.8331707917593,1,-89.98493637625167,1,-88.03174854464828,1,-89.18955302192657,1,-91.97982503603873,1,-98.43660903505946,1,-156.0702621302933,1,-92.61823548699152,1,-93.45162233472813,1,-83.64335920444108,1,-80.16012940441802,1,-77.94263500190749,1,-76.40789965875001,1,-72.36404203417412
1.584893192461114,-48.39844123278279,1.584893192461114,-52.30514223182208,1.584893192461114,-55.56281896688989,1.584893192461114,-58.41418508464903,1.584893192461114,-61.01738410879504,1.584893192461114,-63.56300727751183,1.584893192461114,-66.20197664391141,1.584893192461114,-69.15171014513149,1.584893192461114,-72.78438386886029,1.584893192461114,-78.06590828490042,1.584893192461114,-84.00271217833719,1.584893192461114,-85.0032238752113,1.584893192461114,-76.93602007609495,1.584893192461114,-72.84950894704622,1.584893192461114,-70.03248087650856,1.584893192461114,-67.76488738819053,1.584893192461114,-65.60334300806903,1.584893192461114,-63.31148381935317,1.584893192461114,-60.65672944365299,1.584893192461114,-57.2856273436277,1.584893192461114,-34.03332523750642,1.584893192461114,-48.53930820338887,1.584893192461114,-58.45436653992142,1.584893192461114,-67.1418214107494,1.584893192461114,-72.4601363793485,1.584893192461114,-86.96414365687025,1.584893192461114,-113.8331704842465,1.584893192461114,-89.98493637484015,1.584893192461114,-88.03174854371298,1.584893192461114,-89.18955302062162,1.584893192461114,-91.97982503348658,1.584893192461114,-98.43660902357024,1.584893192461114,-156.0635333872679,1.584893192461114,-92.61823548394958,1.584893192461114,-93.451622330989,1.584893192461114,-83.64335920405702,1.584893192461114,-80.1601294042503,1.584893192461114,-77.94263500180688,1.584893192461114,-76.40789965868193,1.584893192461114,-72.36404203414749
2.511886431509581,-48.39844123278159,2.511886431509581,-52.30514223182056,2.511886431509581,-55.56281896688721,2.511886431509581,-58.41418508464434,2.511886431509581,-61.01738410878757,2.511886431509581,-63.56300727749829,2.511886431509581,-66.20197664388974,2.511886431509581,-69.15171014508712,2.511886431509581,-72.78438386876306,2.511886431509581,-78.06590828458302,2.511886431509581,-84.00271217712073,2.511886431509581,-85.00322387375319,2.511886431509581,-76.93602007587242,2.511886431509581,-72.84950894696463,2.511886431509581,-70.0324808764654,2.511886431509581,-67.76488738816774,2.511886431509581,-65.6033430080558,2.511886431509581,-63.3114838193464,2.511886431509581,-60.65672944365001,2.511886431509581,-57.28562734362709,2.511886431509581,-34.03332523750589,2.511886431509581,-48.53930820338892,2.511886431509581,-58.45436653992267,2.511886431509581,-67.14182141074659,2.511886431509581,-72.46013637932154,2.511886431509581,-86.9641436555379,2.511886431509581,-113.8331697118184,2.511886431509581,-89.98493637129363,2.511886431509581,-88.03174854128305,2.511886431509581,-89.18955301733266,2.511886431509581,-91.97982502715608,2.511886431509581,-98.43660899469674,2.511886431509581,-156.0466773628798,2.511886431509581,-92.61823547629598,2.511886431509581,-93.45162232144391,2.511886431509581,-83.64335920309243,2.511886431509581,-80.16012940382473,2.511886431509581,-77.94263500155233,2.511886431509581,-76.40789965850271,2.511886431509581,-72.36404203407982
3.981071705534974,-48.39844123277962,3.981071705534974,-52.30514223181663,3.981071705534974,-55.56281896688029,3.981071705534974,-58.41418508463254,3.981071705534974,-61.01738410876796,3.981071705534974,-63.56300727746458,3.981071705534974,-66.20197664383289,3.981071705534974,-69.15171014497641,3.981071705534974,-72.78438386851633,3.981071705534974,-78.06590828378414,3.981071705534974,-84.00271217405593,3.981071705534974,-85.00322387008605,3.981071705534974,-76.93602007532598,3.981071705534974,-72.84950894675843,3.981071705534974,-70.03248087636705,3.981071705534974,-67.76488738811061,3.981071705534974,-65.60334300802523,3.981071705534974,-63.31148381932984,3.981071705534974,-60.65672944364314,3.981071705534974,-57.28562734362545,3.981071705534974,-34.03332523750473,3.981071705534974,-48.53930820338903,3.981071705534974,-58.45436653992576,3.981071705534974,-67.14182141073832,3.981071705534974,-72.4601363792373,3.981071705534974,-86.96414365218112,3.981071705534974,-113.8331677729505,3.981071705534974,-89.98493636239105,3.981071705534974,-88.03174853524075,3.981071705534974,-89.18955300906801,3.981071705534974,-91.97982501093506,3.981071705534974,-98.43660892218587,3.981071705534974,-156.0046233241312,3.981071705534974,-92.61823545708107,3.981071705534974,-93.45162229758417,3.981071705534974,-83.64335920066925,3.981071705534974,-80.16012940273896,3.981071705534974,-77.94263500091405,3.981071705534974,-76.4078996580714,3.981071705534974,-72.3640420339093
6.309573444801934,-48.39844123277408,6.309573444801934,-52.3051422318068,6.309573444801934,-55.56281896686244,6.309573444801934,-58.41418508460276,6.309573444801934,-61.01738410871876,6.309573444801934,-63.56300727737999,6.309573444801934,-66.20197664368375,6.309573444801934,-69.15171014469696,6.309573444801934,-72.7843838678976,6.309573444801934,-78.06590828177569,6.309573444801934,-84.00271216638015,6.309573444801934,-85.00322386088629,6.309573444801934,-76.93602007394338,6.309573444801934,-72.84950894624281,6.309573444801934,-70.03248087610727,6.309573444801934,-67.76488738796682,6.309573444801934,-65.60334300794308,6.309573444801934,-63.31148381928784,6.309573444801934,-60.65672944362547,6.309573444801934,-57.28562734362156,6.309573444801934,-34.03332523750167,6.309573444801934,-48.53930820338941,6.309573444801934,-58.45436653993123,6.309573444801934,-67.14182141071825,6.309573444801934,-72.46013637903181,6.309573444801934,-86.96414364376017,6.309573444801934,-113.833162902197,6.309573444801934,-89.98493634002098,6.309573444801934,-88.03174851997426,6.309573444801934,-89.18955298832574,6.309573444801934,-91.97982497044913,6.309573444801934,-98.43660874005131,6.309573444801934,-155.9007503632285,6.309573444801934,-92.61823540880309,6.309573444801934,-93.45162223794101,6.309573444801934,-83.64335919458956,6.309573444801934,-80.1601294000487,6.309573444801934,-77.94263499931148,6.309573444801934,-76.40789965694437,6.309573444801934,-72.36404203348334
10,-48.39844123276083,10,-52.30514223178231,10,-55.56281896681938,10,-58.41418508452773,10,-61.01738410859139,10,-63.56300727716791,10,-66.201976643311,10,-69.15171014399664,10,-72.78438386634906,10,-78.06590827673246,10,-84.00271214711654,10,-85.00322383777369,10,-76.93602007048113,10,-72.84950894494877,10,-70.03248087546091,10,-67.76488738760594,10,-65.6033430077412,10,-63.31148381918275,10,-60.65672944358142,10,-57.28562734361158,10,-34.03332523749411,10,-48.53930820339018,10,-58.45436654277408,10,-67.14182141066894,10,-72.46013637854563,10,-86.96414362260262,10,-113.8331506667754,10,-89.98493628384658,10,-88.03174848169219,10,-89.18955293623159,10,-91.97982486867967,10,-98.43660828257968,10,-155.6502915276712,10,-92.61823528753581,10,-93.45162208786121,10,-83.64335917931876,10,-80.16012939326497,10,-77.94263499528766,10,-76.4078996541535,10,-72.36404203241288
15.84893192461114,-48.39844123272759,15.84893192461114,-52.30514223172015,15.84893192461114,-55.56281896670939,15.84893192461114,-58.41418508433958,15.84893192461114,-61.01738410827538,15.84893192461114,-63.56300727663286,15.84893192461114,-66.20197664238016,15.84893192461114,-69.15171014223664,15.84893192461114,-72.78438386244486,15.84893192461114,-78.06590826405635,15.84893192461114,-84.00271209872253,15.84893192461114,-85.00322377971807,15.84893192461114,-76.93602006177893,15.84893192461114,-72.84950894169681,15.84893192461114,-70.03248087384192,15.84893192461114,-67.76488738669937,15.84893192461114,-65.60334300723237,15.84893192461114,-63.31148381891892,15.84893192461114,-60.65672944347015,15.84893192461114,-57.28562734358646,15.84893192461114,-34.03332523747512,15.84893192461114,-48.53930820339231,15.84893192461114,-58.45436654281517,15.84893192461114,-67.14182141054276,15.84893192461114,-72.46013637729691,15.84893192461114,-86.96414356947588,15.84893192461114,-113.8331199332241,15.84893192461114,-89.98493614272975,15.84893192461114,-88.03174838556461,15.84893192461114,-89.18955280538495,15.84893192461114,-91.97982461311136,15.84893192461114,-98.43660713351075,15.84893192461114,-155.0783363524137,15.84893192461114,-92.6182349829412,15.84893192461114,-93.45162171089235,15.84893192461114,-83.6433591409608,15.84893192461114,-80.16012937622651,15.84893192461114,-77.94263498517363,15.84893192461114,-76.40789964713341,15.84893192461114,-72.36404202972395
25.11886431509581,-48.39844123264253,25.11886431509581,-52.30514223156449,25.11886431509581,-55.56281896643404,25.11886431509581,-58.41418508386654,25.11886431509581,-61.01738410748133,25.11886431509581,-63.56300727529173,25.11886431509581,-66.20197664003874,25.11886431509581,-69.15171013781487,25.11886431509581,-72.78438385263651,25.11886431509581,-78.06590823222808,25.11886431509581,-84.00271197713937,25.11886431509581,-85.00322363387423,25.11886431509581,-76.93602003991674,25.11886431509581,-72.84950893352581,25.11886431509581,-70.03248086977337,25.11886431509581,-67.7648873844215,25.11886431509581,-65.60334300595325,25.11886431509581,-63.31148381825565,25.11886431509581,-60.65672944319152,25.11886431509581,-57.28562734352386,25.11886431509581,-34.03332523742731,25.11886431509581,-48.53930820339754,25.11886431509581,-58.45436654291512,25.11886431509581,-67.14182141022671,25.11886431509581,-72.46013637415798,25.11886431509581,-86.96414343601212,25.11886431509581,-113.8330427359031,25.11886431509581,-89.98493578827743,25.11886431509581,-88.03174814404329,25.11886431509581,-89.18955247669602,25.11886431509581,-91.97982397124295,25.11886431509581,-98.43660424709024,25.11886431509581,-153.9057842368378,25.11886431509581,-92.61823421782458,25.11886431509581,-93.45162076383478,25.11886431509581,-83.64335904460124,25.11886431509581,-80.16012933345435,25.11886431509581,-77.94263495977243,25.11886431509581,-76.40789962947689,25.11886431509581,-72.36404202296926
39.81071705534975,-48.39844123243066,39.81071705534975,-52.30514223117354,39.81071705534975,-55.56281896574205,39.81071705534975,-58.41418508267851,39.81071705534975,-61.0173841054877,39.81071705534975,-63.56300727192142,39.81071705534975,-66.20197663415333,39.81071705534975,-69.15171012670852,39.81071705534975,-72.78438382801652,39.81071705534975,-78.0659081522691,39.81071705534975,-84.00271167173908,39.81071705534975,-85.00322326755244,39.81071705534975,-76.93601998500739,39.81071705534975,-72.84950891300413,39.81071705534975,-70.03248085955256,39.81071705534975,-67.76488737870029,39.81071705534975,-65.60334300274073,39.81071705534975,-63.31148381658968,39.81071705534975,-60.65672944249123,39.81071705534975,-57.28562734336653,39.81071705534975,-34.03332523730737,39.81071705534975,-48.53930820341098,39.81071705534975,-58.45436654316705,39.81071705534975,-67.14182140943259,39.81071705534975,-72.46013636628146,39.81071705534975,-86.96414310079685,39.81071705534975,-113.8328488287596,39.81071705534975,-89.98493489792247,39.81071705534975,-88.03174753727636,39.81071705534975,-89.18955165107162,39.81071705534975,-91.97982235872809,39.81071705534975,-98.43659699669954,39.81071705534975,-151.8799615754509,39.81071705534975,-92.61823229594135,39.81071705534975,-93.45161838516154,39.81071705534975,-83.6433588025633,39.81071705534975,-80.16012922599833,39.81071705534975,-77.94263489597233,39.81071705534975,-76.40789958512431,39.81071705534975,-72.36404200600165
63.09573444801936,-48.39844123189733,63.09573444801936,-52.30514223019159,63.09573444801936,-55.56281896400291,63.09573444801936,-58.41418507969568,63.09573444801936,-61.01738410047646,63.09573444801936,-63.56300726345695,63.09573444801936,-66.2019766193758,63.09573444801936,-69.15171009881263,63.09573444801936,-72.78438376616498,63.09573444801936,-78.06590795142736,63.09573444801936,-84.00271090460616,63.09573444801936,-85.00322234739069,63.09573444801936,-76.93601984707946,63.09573444801936,-72.8495088614558,63.09573444801936,-70.03248083387675,63.09573444801936,-67.76488736432978,63.09573444801936,-65.60334299467418,63.09573444801936,-63.31148381240397,63.09573444801936,-60.65672944073116,63.09573444801936,-57.28562734297069,63.09573444801936,-34.03332523700602,63.09573444801936,-48.53930820344415,63.09573444801936,-58.45436654380192,63.09573444801936,-67.14182140743804,63.09573444801936,-72.46013634649042,63.09573444801936,-86.96414225871787,63.09573444801936,-113.8323617956287,63.09573444801936,-89.98493266144537,63.09573444801936,-88.03174601326427,63.09573444801936,-89.18954957716966,63.09573444801936,-91.97981830828678,63.09573444801936,-98.43657878469847,63.09573444801936,-149.0100357702677,63.09573444801936,-92.61822746837531,63.09573444801936,-93.45161241011662,63.09573444801936,-83.64335819459443,63.09573444801936,-80.16012895610037,63.09573444801936,-77.94263473570768,63.09573444801936,-76.40789947376727,63.09573444801936,-72.36404196338505
100.0000000000001,-48.39844123055806,100.0000000000001,-52.30514222772485,100.0000000000001,-55.56281895963523,100.0000000000001,-58.41418507220148,100.0000000000001,-61.01738408789149,100.0000000000001,-63.56300724219391,100.0000000000001,-66.20197658225173,100.0000000000001,-69.1517100287363,100.0000000000001,-72.78438361080099,100.0000000000001,-78.06590744693254,100.0000000000001,-84.00270897765125,100.0000000000001,-85.00322003604249,100.0000000000001,-76.93601950061027,100.0000000000001,-72.84950873197567,100.0000000000001,-70.03248076939683,100.0000000000001,-67.7648873282334,100.0000000000001,-65.60334297440973,100.0000000000001,-63.31148380189132,100.0000000000001,-60.65672943630975,100.0000000000001,-57.28562734197669,100.0000000000001,-34.03332523624914,100.0000000000001,-48.53930820352777,100.0000000000001,-58.45436654539154,100.0000000000001,-67.14182140242862,100.0000000000001,-72.46013629678129,100.0000000000001,-86.96414014354194,100.0000000000001,-113.83113866482,100.0000000000001,-89.98492704368481,100.0000000000001,-88.03174218506278,100.0000000000001,-89.18954436780574,100.0000000000001,-91.97980813417938,100.0000000000001,-98.43653303851674,100.0000000000001,-145.5569161603915,100.0000000000001,-92.6182153421418,100.0000000000001,-93.45159740166103,100.0000000000001,-83.64335666744965,100.0000000000001,-80.16012827816806,100.0000000000001,-77.94263433313974,100.0000000000001,-76.40789919397658,100.0000000000001,-72.3640418563303
158.4893192461115,-48.39844122719489,158.4893192461115,-52.30514222152861,158.4893192461115,-55.56281894866497,158.4893192461115,-58.41418505337766,158.4893192461115,-61.01738405628196,158.4893192461115,-63.56300718878386,158.4893192461115,-66.20197648900078,158.4893192461115,-69.15170985271806,158.4893192461115,-72.78438322054141,158.4893192461115,-78.06590617970112,158.4893192461115,-84.00270413737644,158.4893192461115,-85.0032142302003,158.4893192461115,-76.93601863033498,158.4893192461115,-72.84950840673316,158.4893192461115,-70.03248060741024,158.4893192461115,-67.76488723756229,158.4893192461115,-65.6033429235091,158.4893192461115,-63.3114837754847,158.4893192461115,-60.65672942520566,158.4893192461115,-57.28562733947962,158.4893192461115,-34.0333252343478,158.4893192461115,-48.53930820373765,158.4893192461115,-58.45436654938725,158.4893192461115,-67.14182138984408,158.4893192461115,-72.46013617192233,158.4893192461115,-86.96413483046015,158.4893192461115,-113.8280678167982,158.4893192461115,-89.98491293253632,158.4893192461115,-88.03173256918727,158.4893192461115,-89.18953128248293,158.4893192461115,-91.97978257809632,158.4893192461115,-98.43641813143044,158.4893192461115,-141.7953627086654,158.4893192461115,-92.61818488255632,158.4893192461115,-93.45155970220874,158.4893192461115,-83.64335283142636,158.4893192461115,-80.16012657522788,158.4893192461115,-77.94263332194215,158.4893192461115,-76.40789849122733,158.4893192461115,-72.36404158742565
251.1886431509582,-48.39844121874547,251.1886431509582,-52.30514220596469,251.1886431509582,-55.56281892110715,251.1886431509582,-58.41418500609394,251.1886431509582,-61.01738397345142,251.1886431509582,-63.56300705462461,251.1886431509582,-66.20197625476612,251.1886431509582,-69.15170941057826,251.1886431509582,-72.78438224025494,251.1886431509582,-78.06590299656064,251.1886431509582,-84.00269197916178,251.1886431509582,-85.00319964662289,251.1886431509582,-76.93601644429081,251.1886431509582,-72.84950758976183,251.1886431509582,-70.03248020052774,251.1886431509582,-67.76488700980752,251.1886431509582,-65.60334279565014,251.1886431509582,-63.31148370915445,251.1886431509582,-60.6567293973129,251.1886431509582,-57.28562733320826,251.1886431509582,-34.03332522957182,251.1886431509582,-48.53930820426514,251.1886431509582,-58.45436655942573,251.1886431509582,-67.14182135823563,251.1886431509582,-72.46013585828773,251.1886431509582,-86.96412148463216,251.1886431509582,-113.8203637586382,251.1886431509582,-89.98487748708742,251.1886431509582,-88.03170841509643,251.1886431509582,-89.18949841381996,251.1886431509582,-91.97971838474062,251.1886431509582,-98.43612951129174,251.1886431509582,-137.8940572872327,251.1886431509582,-92.61810837247097,251.1886431509582,-93.45146500704348,251.1886431509582,-83.64334319577114,251.1886431509582,-80.16012229766653,251.1886431509582,-77.94263079501091,251.1886431509582,-76.40789673653988,251.1886431509582,-72.3640409119636
398.1071705534976,-48.39844119642747,398.1071705534976,-52.30514216686961,398.1071705534976,-55.56281885188592,398.1071705534976,-58.41418488732286,398.1071705534976,-61.017383773999,398.1071705534976,-63.56300671762995,398.1071705534976,-66.20197566080498,398.1071705534976,-69.1517082999717,398.1071705534976,-72.7843797670668,398.1071705534976,-78.06589498190162,398.1071705534976,-84.00266143926117,398.1071705534976,-85.00316305318155,398.1071705534976,-76.93601095318144,398.1071705534976,-72.84950554637292,398.1071705534976,-70.03247918455612,398.1071705534976,-67.76488643771306,398.1071705534976,-65.60334247783427,398.1071705534976,-63.31148354253927,398.1071705534976,-60.65672932724975,398.1071705534976,-57.28562731745475,398.1071705534976,-34.03332521757516,398.1071705534976,-48.53930820558994,398.1071705534976,-58.45436658463969,398.1071705534976,-67.14182127883301,398.1071705534976,-72.46013507046689,398.1071705534976,-86.96408796160827,398.1071705534976,-113.8010721064834,398.1071705534976,-89.98478837287887,398.1071705534976,-88.03164774350553,398.1071705534976,-89.18941585255253,398.1071705534976,-91.97955714247101,398.1071705534976,-98.43540461488902,398.1071705534976,-133.9339811012099,398.1071705534976,-92.61791627724125,398.1071705534976,-93.45122715259653,398.1071705534976,-83.64331899222169,398.1071705534976,-80.16011155293408,398.1071705534976,-77.94262441478385,398.1071705534976,-76.40789230245318,398.1071705534976,-72.36403922158763
630.9573444801939,-48.39844114311596,630.9573444801939,-52.30514206866762,630.9573444801939,-55.56281867593349,630.9573444801939,-58.41418458628763,630.9573444801939,-61.01738327299357,630.9573444801939,-63.56300586679404,630.9573444801939,-66.20197418287837,630.9573444801939,-69.15170550278539,630.9573444801939,-72.78437358188468,630.9573444801939,-78.06587489774077,630.9573444801939,-84.00258469136081,630.9573444801939,-85.00307103893643,630.9573444801939,-76.9359971748197,630.9573444801939,-72.84950039163888,630.9573444801939,-70.03247661731292,630.9573444801939,-67.76488500516059,630.9573444801939,-65.60334167110138,630.9573444801939,-63.31148312648735,630.9573444801939,-60.65672915298835,630.9573444801939,-57.28562727898975,630.9573444801939,-34.03332518765457,630.9573444801939,-48.53930820990973,630.9573444801939,-58.45436664797558,630.9573444801939,-67.1418210793893,630.9573444801939,-72.46013310399086,630.9573444801939,-86.96400381978934,630.9573444801939,-113.7529870094309,630.9573444801939,-89.98456473861775,630.9573444801939,-88.03149534707529,630.9573444801939,-89.18920840803332,630.9573444801939,-91.97915214649836,630.9573444801939,-98.43358411341703,630.9573444801939,-129.9499777593749,630.9573444801939,-92.61743358361419,630.9573444801939,-93.45062965789423,630.9573444801939,-83.64325822360796,630.9573444801939,-80.16008458108161,630.9573444801939,-77.94260838841079,630.9573444801939,-76.4078811645881,630.9573444801939,-72.36403495971973
1000.000000000001,-48.3984410081099,1000.000000000001,-52.30514181890126,1000.000000000001,-55.56281823709725,1000.000000000001,-58.41418383419748,1000.000000000001,-61.01738200767898,1000.000000000001,-63.56300373616024,1000.000000000001,-66.20197045932902,1000.000000000001,-69.15169848787606,1000.000000000001,-72.78435802379671,1000.000000000001,-78.06582441106416,1000.000000000001,-84.00239196994899,1000.000000000001,-85.00283999544109,1000.000000000001,-76.93596255786355,1000.000000000001,-72.84948746106507,1000.000000000001,-70.03247018083526,1000.000000000001,-67.76488140447321,1000.000000000001,-65.60333965138308,1000.000000000001,-63.31148208016498,1000.000000000001,-60.65672871437923,1000.000000000001,-57.28562718181281,1000.000000000001,-34.03332511217446,1000.000000000001,-48.53930821926076,1000.000000000001,-58.45436680989404,1000.000000000001,-67.14182058562287,1000.000000000001,-72.46012814563787,1000.000000000001,-86.96379237694772,1000.000000000001,-113.6345019292497,1000.000000000001,-89.98400296496172,1000.000000000001,-88.03111244534072,1000.000000000001,-89.18868747582093,1000.000000000001,-91.97813483278999,1000.000000000001,-98.42901485157844,1000.000000000001,-125.9563628242874,1000.000000000001,-92.61622151557324,1000.000000000001,-93.44912931569706,1000.000000000001,-83.64310554212184,1000.000000000001,-80.16001680499846,1000.000000000001,-77.94256815843708,1000.000000000001,-76.40785320873056,1000.000000000001,-72.36402426703579
1584.893192461115,-48.3984406684656,1584.893192461115,-52.30514119776252,1584.893192461115,-55.56281713379315,1584.893192461115,-58.41418194372706,1584.893192461115,-61.0173788363027,1584.893192461115,-63.56299838215361,1584.893192461115,-66.20196111753596,1584.893192461115,-69.15168085616925,1584.893192461115,-72.78431896581749,1584.893192461115,-78.06569763522516,1584.893192461115,-84.00190785955166,1584.893192461115,-85.00225965511218,1584.893192461115,-76.93587559020376,1584.893192461115,-72.84945497212301,1584.893192461115,-70.03245400693316,1584.893192461115,-67.76487235534016,1584.893192461115,-65.60333457464958,1584.893192461115,-63.31147944935903,1584.893192461115,-60.65672761086947,1584.893192461115,-57.28562693766733,1584.893192461115,-34.03332492248558,1584.893192461115,-48.53930824225672,1584.893192461115,-58.45436721800709,1584.893192461115,-67.14181934887257,1584.893192461115,-72.46011568450356,1584.893192461115,-86.96326126964348,1584.893192461115,-113.3504018498166,1584.893192461115,-89.98259213443872,1584.893192461115,-88.03015091273492,1584.893192461115,-89.18737919617639,1584.893192461115,-91.97558068542241,1584.893192461115,-98.41755845775459,1584.893192461115,-121.9589072638132,1584.893192461115,-92.61317826069067,1584.893192461115,-93.44536277883367,1584.893192461115,-83.6427220879724,1584.893192461115,-80.15984658997634,1584.893192461115,-77.94246709352632,1584.893192461115,-76.40778297678156,1584.893192461115,-72.36399740185047
2511.886431509583,-48.39843981591147,2511.886431509583,-52.30513962900089,2511.886431509583,-55.56281436351263,2511.886431509583,-58.4141771938264,2511.886431509583,-61.01737086854553,2511.886431509583,-63.56298493145867,2511.886431509583,-66.20193764948216,2511.886431509583,-69.15163658289079,2511.886431509583,-72.78422084232236,2511.886431509583,-78.06537917725332,2511.886431509583,-84.00069206892834,2511.886431509583,-85.00080220761494,2511.886431509583,-76.93565714434015,2511.886431509583,-72.84937336426019,2511.886431509583,-70.03241337993082,2511.886431509583,-67.76484962482031,2511.886431509583,-65.60332182570798,2511.886431509583,-63.31147284344389,2511.886431509583,-60.65672484239241,2511.886431509583,-57.28562632270175,2511.886431509583,-34.03332444619002,2511.886431509583,-48.5393083009654,2511.886431509583,-58.45436823880663,2511.886431509583,-67.14181623120761,2511.886431509583,-72.46008440824787,2511.886431509583,-86.96192759937922,2511.886431509583,-112.7093452581241,2511.886431509583,-89.97905035158087,2511.886431509583,-88.02773662349652,2511.886431509583,-89.18409465241977,2511.886431509583,-91.9691715340187,2511.886431509583,-98.38891363564331,2511.886431509583,-117.9599206323454,2511.886431509583,-92.6055434646466,2511.886431509583,-93.43591614205988,2511.886431509583,-83.6417590153474,2511.886431509583,-80.15941904023724,2511.886431509583,-77.94221322663459,2511.886431509583,-76.4076065666013,2511.886431509583,-72.36392991999801
3981.071705534978,-48.39843767500055,3981.071705534978,-52.30513569326581,3981.071705534978,-55.56280740197454,3981.071705534978,-58.41416526560042,3981.071705534978,-61.0173508582878,3981.071705534978,-63.56295114114994,3981.071705534978,-66.20187869028258,3981.071705534978,-69.15152536125289,3981.071705534978,-72.78397438353963,3981.071705534978,-78.06457934250474,3981.071705534978,-83.99763971770976,3981.071705534978,-84.99714351305214,3981.071705534978,-76.93510845061061,3981.071705534978,-72.84916838905214,3981.071705534978,-70.03231134259315,3981.071705534978,-67.76479253732275,3981.071705534978,-65.6032898032321,3981.071705534978,-63.31145625108886,3981.071705534978,-60.65671788454111,3981.071705534978,-57.28562478057729,3981.071705534978,-34.03332324980179,3981.071705534978,-48.5393084493785,3981.071705534978,-58.45437080551748,3981.071705534978,-67.14180841391065,3981.071705534978,-72.46000583958316,3981.071705534978,-86.95857933940589,3981.071705534978,-111.4230596748667,3981.071705534978,-89.97016648046284,3981.071705534978,-88.02167802913647,3981.071705534978,-89.17585519750303,3981.071705534978,-91.95311407627567,3981.071705534978,-98.3177840001534,3981.071705534978,-113.9603240266483,3981.071705534978,-92.58642458199493,3981.071705534978,-93.41227755393585,3981.071705534978,-83.63934083852804,3981.071705534978,-80.15834529394058,3981.071705534978,-77.94157562548241,3981.071705534978,-76.40716346406346,3981.071705534978,-72.36376041713969
6309.573444801941,-48.39843229801946,6309.573444801941,-52.30512580359026,6309.573444801941,-55.562789918998,6309.573444801941,-58.4141353052969,6309.573444801941,-61.01730059081263,6309.573444801941,-63.56286627244446,6309.573444801941,-66.20173061883816,6309.573444801941,-69.15124600705089,6309.573444801941,-72.7833553607326,6309.573444801941,-78.06257091238723,6309.573444801941,-83.98998196208888,6309.573444801941,-84.98796675130254,6309.573444801941,-76.93373053235192,6309.573444801941,-72.84865353701078,6309.573444801941,-70.0320550237674,6309.573444801941,-67.76464913960257,6309.573444801941,-65.60320935958661,6309.573444801941,-63.3114145724264,6309.573444801941,-60.65670040844483,6309.573444801941,-57.28562090323655,6309.573444801941,-34.0333202438068,6309.573444801941,-48.5393088180324,6309.573444801941,-58.45437725226893,6309.573444801941,-67.14178875828188,6309.573444801941,-72.45980848144283,6309.573444801941,-86.95018033845636,6309.573444801941,-109.264280574993,6309.573444801941,-89.94793096632887,6309.573444801941,-88.00649680695835,6309.573444801941,-89.15522745547987,6309.573444801941,-91.91303969468434,6309.573444801941,-98.1440896642965,6309.573444801941,-109.9604844106584,6309.573444801941,-92.53876812421579,6309.573444801941,-93.35346150059507,6309.573444801941,-83.63327253629818,6309.573444801941,-80.15564927757579,6309.573444801941,-77.93997443964125,6309.573444801941,-76.40605063712076,6309.573444801941,-72.36333466303601
10000.00000000001,-48.39841879226937,10000.00000000001,-52.30510096510304,10000.00000000001,-55.56274600519413,10000.00000000001,-58.41406004141759,10000.00000000001,-61.01717432402398,10000.00000000001,-63.56265310397328,10000.00000000001,-66.20135867498546,10000.00000000001,-69.1505443849027,10000.00000000001,-72.78180086323981,10000.00000000001,-78.05753005909629,10000.00000000001,-83.9708059345771,10000.00000000001,-84.96500090141959,10000.00000000001,-76.93027137619852,10000.00000000001,-72.84736056256097,10000.00000000001,-70.03141125406164,10000.00000000001,-67.76428895134254,10000.00000000001,-65.60300729810223,10000.00000000001,-63.31130987762577,10000.00000000001,-60.65665651189494,10000.00000000001,-57.28561116507897,10000.00000000001,-34.0333126940512,10000.00000000001,-48.53930974755141,10000.00000000001,-58.45439343882299,10000.00000000001,-67.14173939677205,10000.00000000001,-72.45931278552489,10000.00000000001,-86.92915426141622,10000.00000000001,-106.2891010938614,10000.00000000001,-89.89257477613948,10000.00000000001,-87.96859551660523,10000.00000000001,-89.10384086906437,10000.00000000001,-91.81397832648072,10000.00000000001,-97.73617010973952,10000.00000000001,-105.9605477045913,10000.00000000001,-92.42131770075493,10000.00000000001,-93.20914282999431,10000.00000000001,-83.61806697836505,10000.00000000001,-80.14888461178076,10000.00000000001,-77.93595504125663,10000.00000000001,-76.40325663346715,10000.00000000001,-72.36226541845254
15848.93192461116,-48.39838486507458,15848.93192461116,-52.30503857394049,15848.93192461116,-55.56263569823533,15848.93192461116,-58.41387100063087,15848.93192461116,-61.01685717036908,15848.93192461116,-63.56211768177418,15848.93192461116,-66.20042456248454,15848.93192461116,-69.14878246675194,15848.93192461116,-72.7778985448557,15848.93192461116,-78.04489371304547,15848.93192461116,-83.92300802112902,15848.93192461116,-84.90784346138656,15848.93192461116,-76.92159441864732,15848.93192461116,-72.84411445788454,15848.93192461116,-70.02979461616992,15848.93192461116,-67.76338434410843,15848.93192461116,-65.60249979373995,15848.93192461116,-63.31104691433448,15848.93192461116,-60.65654625125951,15848.93192461116,-57.28558670598473,15848.93192461116,-34.03329373088205,15848.93192461116,-48.53931208426705,15848.93192461116,-58.45443410010412,15848.93192461116,-67.1416153990267,15848.93192461116,-72.45806789684787,15848.93192461116,-86.87678363333843,15848.93192461116,-102.7754926500788,15848.93192461116,-89.7565614059814,15848.93192461116,-87.87482561245737,15848.93192461116,-88.97738332663712,15848.93192461116,-91.57467959620442,15848.93192461116,-96.85412670198806,15848.93192461116,-101.9605715080668,15848.93192461116,-92.13958749735144,15848.93192461116,-92.86646936288143,15848.93192461116,-83.58010548814467,15848.93192461116,-80.13193883217946,15848.93192461116,-77.92587515840056,15848.93192461116,-76.39624625707673,15848.93192461116,-72.3595807642412
25118.86431509584,-48.39829964281682,25118.86431509584,-52.30488185785709,25118.86431509584,-55.56235862830038,25118.86431509584,-58.41339618731008,25118.86431509584,-61.01606062294028,25118.86431509584,-63.560773058668,25118.86431509584,-66.1980790286142,25118.86431509584,-69.14435988683093,25118.86431509584,-72.76811178299005,25118.86431509584,-78.01331384061007,25118.86431509584,-83.80521526911789,25118.86431509584,-84.76750296880238,25118.86431509584,-76.89987504124026,25118.86431509584,-72.83597127002005,25118.86431509584,-70.02573644044401,25118.86431509584,-67.76111289194891,25118.86431509584,-65.60122525629519,25118.86431509584,-63.31038644648932,25118.86431509584,-60.65626929681343,25118.86431509584,-57.28552526904997,25118.86431509584,-34.03324609671864,25118.86431509584,-48.53931795291316,25118.86431509584,-58.45453624173376,25118.86431509584,-67.14130396518574,25118.86431509584,-72.45494239236177,25118.86431509584,-86.74795394859511,25118.86431509584,-98.985372012561,25118.86431509584,-89.43259405487237,25118.86431509584,-87.64784663840607,25118.86431509584,-88.67508507080633,25118.86431509584,-91.02601193825757,25118.86431509584,-95.20557454485657,25118.86431509584,-97.96057747975422,25118.86431509584,-91.50334475536516,25118.86431509584,-92.10888612520095,25118.86431509584,-83.4861888246697,25118.86431509584,-80.08966225802257,25118.86431509584,-77.90065833706723,25118.86431509584,-76.37868680032646,25118.86431509584,-72.35284451477465
39810.71705534979,-48.39808558401288,39810.71705534979,-52.30448822633277,39810.71705534979,-55.56166273224144,39810.71705534979,-58.41220372561769,39810.71705534979,-61.01406041230148,39810.71705534979,-63.55739733029741,39810.71705534979,-66.19219285853049,39810.71705534979,-69.13327065160999,39810.71705534979,-72.74362531459064,39810.71705534979,-77.93498681721299,39810.71705534979,-83.52270014926498,39810.71705534979,-84.43377448841699,39810.71705534979,-76.84579256675744,39810.71705534979,-72.81558354859533,39810.71705534979,-70.01555943801095,39810.71705534979,-67.75541247999516,39810.71705534979,-65.59802539518854,39810.71705534979,-63.30872786206977,39810.71705534979,-60.65557369576699,39810.71705534979,-57.28537094573215,39810.71705534979,-34.03312644816985,39810.71705534979,-48.53933269504905,39810.71705534979,-58.4547928135835,39810.71705534979,-67.14052170415309,39810.71705534979,-72.44710127251543,39810.71705534979,-86.44026011267211,39810.71705534979,-95.07181484203063,39810.71705534979,-88.71171312802312,39810.71705534979,-87.12510264216884,39810.71705534979,-87.99731701672495,39810.71705534979,-89.8928844695421,39810.71705534979,-92.66878315809609,39810.71705534979,-93.96057105419469,39810.71705534979,-90.22482525844042,39810.71705534979,-90.64114053117271,39810.71705534979,-83.25886707437674,39810.71705534979,-79.98524853695842,39810.71705534979,-77.83795475188808,39810.71705534979,-76.33488990327842,39810.71705534979,-72.33596972475574
63095.73444801944,-48.39754793201666,63095.73444801944,-52.30349961698402,63095.73444801944,-55.55991519946233,63095.73444801944,-58.40920981661564,63095.73444801944,-61.00904012720078,63095.73444801944,-63.54892934521316,63095.73444801944,-66.17744241897348,63095.73444801944,-69.10553970827439,63095.73444801944,-72.68271958886369,63095.73444801944,-77.74425028580849,63095.73444801944,-82.88485645038908,63095.73444801944,-83.69367917892386,63095.73444801944,-76.71284065667064,63095.73444801944,-72.76478964236829,63095.73444801944,-69.99010041243956,63095.73444801944,-67.74112649130895,63095.73444801944,-65.58999801538546,63095.73444801944,-63.30456443626348,63095.73444801944,-60.65382689529331,63095.73444801944,-57.28498331914684,63095.73444801944,-34.03282591979752,63095.73444801944,-48.53936972134878,63095.73444801944,-58.45543731819777,63095.73444801944,-67.1385571496985,63095.73444801944,-72.42746672974791,63095.73444801944,-85.75168450330007,63095.73444801944,-91.10666591104309,63095.73444801944,-87.29977265799552,63095.73444801944,-86.03653633127254,63095.73444801944,-86.65249877235068,63095.73444801944,-87.91494139610627,63095.73444801944,-89.4233353827168,63095.73444801944,-89.96054638388844,63095.73444801944,-88.07487361603583,63095.73444801944,-88.28495704838255,63095.73444801944,-82.73539784887488,63095.73444801944,-79.73353660301633,63095.73444801944,-77.68433048824036,63095.73444801944,-76.22678594062366,63095.73444801944,-72.29386886429548
100000.0000000002,-48.39619767934805,100000.0000000002,-52.30101726777876,100000.0000000002,-55.55552856952187,100000.0000000002,-58.40169832155564,100000.0000000002,-60.99645491686622,100000.0000000002,-63.52773069451338,100000.0000000002,-66.14060949128131,100000.0000000002,-69.03665208567917,100000.0000000002,-72.5333921269094,100000.0000000002,-77.29911130245381,100000.0000000002,-81.60372769236322,100000.0000000002,-82.25235650773375,100000.0000000002,-76.39579241435582,100000.0000000002,-72.63975858970953,100000.0000000002,-69.92679940641173,100000.0000000002,-67.70544677637959,100000.0000000002,-65.56989888545139,100000.0000000002,-63.29412368095531,100000.0000000002,-60.64944208732153,100000.0000000002,-57.28400973174698,100000.0000000002,-34.0320711221065,100000.0000000002,-48.53946270156592,100000.0000000002,-58.45705643224152,100000.0000000002,-67.13362474752054,100000.0000000002,-72.37853023998605,100000.0000000002,-84.38982441486731,100000.0000000002,-87.12050002760274,100000.0000000002,-85.00242274547752,100000.0000000002,-84.11387492305789,100000.0000000002,-84.42810308657471,100000.0000000002,-85.08431247619781,100000.0000000002,-85.76439861264197,100000.0000000002,-85.96048101940441,100000.0000000002,-85.10646421099638,100000.0000000002,-85.16358804176066,100000.0000000002,-81.64556994293815,100000.0000000002,-79.15896883499791,100000.0000000002,-77.32082882458702,100000.0000000002,-75.96654405864756,100000.0000000002,-72.18988060064345
158489.3192461117,-48.39280764717291,158489.3192461117,-52.29478772634213,158489.3192461117,-55.54452858763405,158489.3192461117,-58.38288607819313,158489.3192461117,-60.96500003022122,158489.3192461117,-63.47493046183585,158489.3192461117,-66.04943808808204,158489.3192461117,-68.86827469169033,158489.3192461117,-72.17947124641552,158489.3192461117,-76.34839055707721,158489.3192461117,-79.45071247588956,158489.3192461117,-79.92376680085543,158489.3192461117,-75.68857296390917,158489.3192461117,-72.34069228028669,158489.3192461117,-69.77173984870221,158489.3192461117,-67.61709025500318,158489.3192461117,-65.51981564618978,158489.3192461117,-63.26800616534361,158489.3192461117,-60.63844654881854,158489.3192461117,-57.28156476456823,158489.3192461117,-34.03017576318931,158489.3192461117,-48.53969609959881,158489.3192461117,-58.46112464881378,158489.3192461117,-67.1212498971542,158489.3192461117,-72.25795653039738,158489.3192461117,-82.14647449202921,158489.3192461117,-83.12572166061256,158489.3192461117,-81.92324641671982,158489.3192461117,-81.32956607377503,158489.3192461117,-81.40290103825406,158489.3192461117,-81.65422610403448,158489.3192461117,-81.90785260604108,158489.3192461117,-81.9603154848285,158489.3192461117,-81.59656036008705,158489.3192461117,-81.56956810867064,158489.3192461117,-79.72130531488389,158489.3192461117,-77.98198493301241,158489.3192461117,-76.52289249932366,158489.3192461117,-75.37430300405447,158489.3192461117,-71.93914571284905
251188.6431509586,-48.38430269694075,251188.6431509586,-52.27917652641305,251188.6431509586,-55.51701531321758,251188.6431509586,-58.3359798602955,251188.6431509586,-60.88696573068163,251188.6431509586,-63.34504417846385,251188.6431509586,-65.8284915450989,251188.6431509586,-68.47199750988356,251188.6431509586,-71.39992843029407,251188.6431509586,-74.6050814210478,251188.6431509586,-76.47965284167189,251188.6431509586,-76.82184955919051,251188.6431509586,-74.29755855976049,251188.6431509586,-71.66932123582049,251188.6431509586,-69.40499367321247,251188.6431509586,-67.40273686386364,251188.6431509586,-65.39648377737974,251188.6431509586,-63.20307586778203,251188.6431509586,-60.61094362046732,251188.6431509586,-57.27542687721283,251188.6431509586,-34.02541865814731,251188.6431509586,-48.54028138050547,251188.6431509586,-58.47135102671034,251188.6431509586,-67.09025849500631,251188.6431509586,-71.96890587921773,251188.6431509586,-79.10644607913072,251188.6431509586,-79.12705306320053,251188.6431509586,-78.3515164068569,251188.6431509586,-77.9269161671582,251188.6431509586,-77.86091658932718,251188.6431509586,-77.90330341275674,251188.6431509586,-77.96593167867243,251188.6431509586,-77.95989916619419,251188.6431509586,-77.80786261088699,251188.6431509586,-77.74208639355973,251188.6431509586,-76.93556940698465,251188.6431509586,-75.95066542233199,251188.6431509586,-74.99499539197481,251188.6431509586,-74.16776083211407,251188.6431509586,-71.36656558165976
398107.1705534981,-48.36300465782926,398107.1705534981,-52.24019246061548,398107.1705534981,-55.44863423473209,398107.1705534981,-58.22029283743745,398107.1705534981,-60.69683977163372,398107.1705534981,-63.03482355691351,398107.1705534981,-65.31832386003562,398107.1705534981,-67.61144477959941,398107.1705534981,-69.89883920856762,398107.1705534981,-71.97862364321692,398107.1705534981,-72.96745451365801,398107.1705534981,-73.23746794637393,398107.1705534981,-72.02210498806836,398107.1705534981,-70.33419920461938,398107.1705534981,-68.60058756023291,398107.1705534981,-66.90662964712884,398107.1705534981,-65.10119923717858,398107.1705534981,-63.04407130921698,398107.1705534981,-60.54258349385925,398107.1705534981,-57.2600318089742,398107.1705534981,-34.01349338374624,398107.1705534981,-48.54174529532089,398107.1705534981,-58.4970858489446,398107.1705534981,-67.01299008977087,398107.1705534981,-71.31687713764762,398107.1705534981,-75.55442170796617,398107.1705534981,-75.12570184036223,398107.1705534981,-74.53300904803766,398107.1705534981,-74.18838214665421,398107.1705534981,-74.0564792383572,398107.1705534981,-74.00555194420215,398107.1705534981,-73.9883210313476,398107.1705534981,-73.95885336702908,398107.1705534981,-73.89411900092433,398107.1705534981,-73.81197118297229,398107.1705534981,-73.53186991224726,398107.1705534981,-73.07571032062916,398107.1705534981,-72.57658331101447,398107.1705534981,-72.10100325379827,398107.1705534981,-70.19271659794829
630957.3444801947,-48.30991437585028,630957.3444801947,-52.14368488672142,630957.3444801947,-55.28129037648537,630957.3444801947,-57.94230355448873,630957.3444801947,-60.25256616389812,630957.3444801947,-62.34052126909256,630957.3444801947,-64.25064701749491,630957.3444801947,-65.99181589105667,630957.3444801947,-67.50635595650991,630957.3444801947,-68.6724336835651,630957.3444801947,-69.17558181743317,630957.3444801947,-69.41226587480381,630957.3444801947,-68.95710575386715,630957.3444801947,-68.1189853659891,630957.3444801947,-67.06213596570343,630957.3444801947,-65.86377671102909,630957.3444801947,-64.43693817346404,630957.3444801947,-62.66822901216029,630957.3444801947,-60.37526241047153,630957.3444801947,-57.22150293709955,630957.3444801947,-33.98368903777789,630957.3444801947,-48.54538303645991,630957.3444801947,-58.56202908990488,630957.3444801947,-66.82244124463372,630957.3444801947,-70.00857919083754,630957.3444801947,-71.74049085999272,630957.3444801947,-71.12044226519291,630957.3444801947,-70.60360669906233,630957.3444801947,-70.29376545543396,630957.3444801947,-70.13397247509522,630957.3444801947,-70.04433171567041,630957.3444801947,-69.99487561752484,630957.3444801947,-69.95622735925687,630957.3444801947,-69.92688652447869,630957.3444801947,-69.83821401562376,630957.3444801947,-69.79232718749334,630957.3444801947,-69.61804769351816,630957.3444801947,-69.41006414480294,630957.3444801947,-69.19674841851239,630957.3444801947,-68.1643594682057
1000000.000000002,-48.17905647268995,1000000.000000002,-51.90972632210843,1000000.000000002,-54.88630569007324,1000000.000000002,-57.31202466630785,1000000.000000002,-59.30109128331307,1000000.000000002,-60.96655257960722,1000000.000000002,-62.35030120132561,1000000.000000002,-63.47796492984725,1000000.000000002,-64.35369759313591,1000000.000000002,-64.97660207703518,1000000.000000002,-65.25510487129357,1000000.000000002,-65.47772242692007,1000000.000000002,-65.38798254447589,1000000.000000002,-65.09580077672344,1000000.000000002,-64.62924579506787,1000000.000000002,-63.99573089728385,1000000.000000002,-63.11077810942623,1000000.000000002,-61.84474984221783,1000000.000000002,-59.98017169813283,1000000.000000002,-57.12560387327937,1000000.000000002,-33.90975682698275,1000000.000000002,-48.5542709328159,1000000.000000002,-58.72708171987157,1000000.000000002,-66.36456008340946,1000000.000000002,-67.80821620144771,1000000.000000002,-67.80159185047823,1000000.000000002,-67.10651708209095,1000000.000000002,-66.62238830814574,1000000.000000002,-66.32820006826957,1000000.000000002,-66.15793261251626,1000000.000000002,-66.05330486119605,1000000.000000002,-65.99148343399602,1000000.000000002,-65.94963742696012,1000000.000000002,-65.93482863573534,1000000.000000002,-65.84393780107852,1000000.000000002,-65.89598863012566,1000000.000000002,-65.85008770810639,1000000.000000002,-65.78822581129538,1000000.000000002,-65.71994544501895,1000000.000000002,-65.289197550322
1584893.192461117,-47.8650273943484,1584893.192461117,-51.36892752687247,1584893.192461117,-54.02306925278404,1584893.192461117,-56.03538253421793,1584893.192461117,-57.5469286413621,1584893.192461117,-58.69816289746067,1584893.192461117,-59.57151723559494,1584893.192461117,-60.2329605919138,1584893.192461117,-60.72755221928945,1584893.192461117,-61.0879849521839,1584893.192461117,-61.27153162622556,1584893.192461117,-61.48857195159288,1584893.192461117,-61.55729044445886,1584893.192461117,-61.54132181866434,1584893.192461117,-61.44112432465275,1584893.192461117,-61.2467110852484,1584893.192461117,-60.8967391979134,1584893.192461117,-60.27113643589976,1584893.192461117,-59.11592556142036,1584893.192461117,-56.89007032565024,1584893.192461117,-33.72967608007684,1584893.192461117,-48.57500880174051,1584893.192461117,-59.15426038032436,1584893.192461117,-65.32502114736658,1584893.192461117,-64.74894976914243,1584893.192461117,-63.78786180653393,1584893.192461117,-63.07143610128594,1584893.192461117,-62.60570509946664,1584893.192461117,-62.32128227699111,1584893.192461117,-62.14923216358856,1584893.192461117,-62.04042457450115,1584893.192461117,-61.97508859467192,1584893.192461117,-61.93312410255287,1584893.192461117,-61.92501696049219,1584893.192461117,-61.83425519667055,1584893.192461117,-61.92646480884821,1584893.192461117,-61.93515314733241,1584893.192461117,-61.93813500377936,1584893.192461117,-61.93735568773553,1584893.192461117,-61.8239840918448
2511886.431509587,-47.15454162633473,2511886.431509587,-50.23298144567757,2511886.431509587,-52.37746316559092,2511886.431509587,-53.8577204601031,2511886.431509587,-54.87682219803619,2511886.431509587,-55.60286684011653,2511886.431509587,-56.13334616017502,2511886.431509587,-56.53409717768273,2511886.431509587,-56.84540817798807,2511886.431509587,-57.09296415461138,2511886.431509587,-57.23890626364754,2511886.431509587,-57.45412185541674,2511886.431509587,-57.58875590416134,2511886.431509587,-57.69552205206574,2511886.431509587,-57.77641197256512,2511886.431509587,-57.83183020238778,2511886.431509587,-57.84683989292328,2511886.431509587,-57.77683524588596,2511886.431509587,-57.46537764784747,2511886.431509587,-56.32930799536626,2511886.431509587,-33.30924493427419,2511886.431509587,-48.61691157946954,2511886.431509587,-60.31434635194018,2511886.431509587,-63.20438638497226,2511886.431509587,-61.0463817994199,2511886.431509587,-59.68775952259628,2511886.431509587,-58.98439806004026,2511886.431509587,-58.53898451389271,2511886.431509587,-58.26696327916027,2511886.431509587,-58.10021113829742,2511886.431509587,-57.9942625956592,2511886.431509587,-57.93104653462952,2511886.431509587,-57.89189363960825,2511886.431509587,-57.88869459975511,2511886.431509587,-57.80050452737707,2511886.431509587,-57.90982463358899,2511886.431509587,-57.94205168699544,2511886.431509587,-57.97311459244457,2511886.431509587,-58.0020204155046,2511886.431509587,-58.03281318059124
3981071.705534983,-45.71630483760257,3981071.705534983,-48.18697087188394,3981071.705534983,-49.76124537544186,3981071.705534983,-50.77436126156374,3981071.705534983,-51.44527939123881,3981071.705534983,-51.9203041994659,3981071.705534983,-52.27560683172671,3981071.705534983,-52.55727497700008,3981071.705534983,-52.79174068536494,3981071.705534983,-52.99511382793731,3981071.705534983,-53.12889255699568,3981071.705534983,-53.3443856084356,3981071.705534983,-53.5070215749621,3981071.705534983,-53.66578493887345,3981071.705534983,-53.82617851737732,3981071.705534983,-53.99837347017355,3981071.705534983,-54.20163606831228,3981071.705534983,-54.46868345970233,3981071.705534983,-54.83224777515714,3981071.705534983,-55.07969850048392,3981071.705534983,-32.41153039301474,3981071.705534983,-48.65600401155503,3981071.705534983,-63.89347290630194,3981071.705534983,-59.51652284376945,3981071.705534983,-56.82299821337266,3981071.705534983,-55.42132327341211,3981071.705534983,-54.7729202071847,3981071.705534983,-54.36601234584473,3981071.705534983,-54.11907488061367,3981071.705534983,-53.96879517953239,3981071.705534983,-53.87486199137371,3981071.705534983,-53.82098112562254,3981071.705534983,-53.78986441548709,3981071.705534983,-53.79404904447041,3981071.705534983,-53.71301559773098,3981071.705534983,-53.83159801291396,3981071.705534983,-53.87646349304487,3981071.705534983,-53.92172786379155,3981071.705534983,-53.96533834326539,3981071.705534983,-54.05815560102533
6309573.44480195,-43.23795237725285,6309573.44480195,-45.09619202443199,6309573.44480195,-46.22796459482994,6309573.44480195,-46.94918687077374,6309573.44480195,-47.43657405644257,6309573.44480195,-47.79562576000401,6309573.44480195,-48.07836124177177,6309573.44480195,-48.31532381666241,6309573.44480195,-48.52395234160342,6309573.44480195,-48.71489524380367,6309573.44480195,-48.85058265010514,6309573.44480195,-49.06844403722712,6309573.44480195,-49.24543344431942,6309573.44480195,-49.42731277555654,6309573.44480195,-49.62116720035211,6309573.44480195,-49.84144953852953,6309573.44480195,-50.12270131474148,6309573.44480195,-50.53819704262582,6309573.44480195,-51.25380843155318,6309573.44480195,-52.60574930623061,6309573.44480195,-30.7734011511782,6309573.44480195,-48.34292898894528,6309573.44480195,-65.02333750599377,6309573.44480195,-54.16465981038647,6309573.44480195,-51.98258954191777,6309573.44480195,-50.80682522833987,6309573.44480195,-50.28203434195568,6309573.44480195,-49.95515909998177,6309573.44480195,-49.76217062953171,6309573.44480195,-49.65035549053724,6309573.44480195,-49.5856864035603,6309573.44480195,-49.55482529181992,6309573.44480195,-49.54275910069453,6309573.44480195,-49.56240452289004,6309573.44480195,-49.49846022481551,6309573.44480195,-49.62638681065299,6309573.44480195,-49.68374134069686,6309573.44480195,-49.74134287517991,6309573.44480195,-49.79694011741751,6309573.44480195,-49.91839745590199
10000000.00000003,-39.60108128350025,10000000.00000003,-40.99392125929917,10000000.00000003,-41.85527711128156,10000000.00000003,-42.42720283743978,10000000.00000003,-42.83553208202961,10000000.00000003,-43.15343114704622,10000000.00000003,-43.41680432315017,10000000.00000003,-43.6468975030551,10000000.00000003,-43.85627436120841,10000000.00000003,-44.05268248460697,10000000.00000003,-44.20249342178344,10000000.00000003,-44.42549952639588,10000000.00000003,-44.61431983404713,10000000.00000003,-44.80936395322791,10000000.00000003,-45.01761437870235,10000000.00000003,-45.25356135187585,10000000.00000003,-45.55330265421919,10000000.00000003,-45.99656110306486,10000000.00000003,-46.77830583298317,10000000.00000003,-48.45061478478218,10000000.00000003,-28.35863547360966,10000000.00000003,-45.94233458534029,10000000.00000003,-51.11444508285967,10000000.00000003,-47.53342877907308,10000000.00000003,-46.3046829178152,10000000.00000003,-45.55718759064332,10000000.00000003,-45.24472100200461,10000000.00000003,-45.06174093092456,10000000.00000003,-44.97036538537311,10000000.00000003,-44.93419055664053,10000000.00000003,-44.92875721348855,10000000.00000003,-44.94540522392322,10000000.00000003,-44.97297132915177,10000000.00000003,-45.02443899380814,10000000.00000003,-44.99694839288695,10000000.00000003,-45.14039268944219,10000000.00000003,-45.21843109769078,10000000.00000003,-45.29509171353386,10000000.00000003,-45.36848549558761,10000000.00000003,-45.50868546156245
15848931.92461118,-34.83551144069654,15848931.92461118,-35.88121285961083,15848931.92461118,-36.5671132946725,15848931.92461118,-37.05494157492279,15848931.92461118,-37.42811554075142,15848931.92461118,-37.7356326863305,15848931.92461118,-38.0020126822913,15848931.92461118,-38.24195611312373,15848931.92461118,-38.46471945333886,15848931.92461118,-38.67597628872201,15848931.92461118,-38.84942512001109,15848931.92461118,-39.07827774655086,15848931.92461118,-39.27910621195216,15848931.92461118,-39.48350120081554,15848931.92461118,-39.69704137148834,15848931.92461118,-39.93125372615268,15848931.92461118,-40.21474515232001,15848931.92461118,-40.61114477214566,15848931.92461118,-41.26973606077718,15848931.92461118,-42.59214006626055,15848931.92461118,-25.52364678206708,15848931.92461118,-39.90957209344121,15848931.92461118,-41.32182132260935,15848931.92461118,-40.1744913239824,15848931.92461118,-39.72403316288445,15848931.92461118,-39.43479134257401,15848931.92461118,-39.37722458898292,15848931.92461118,-39.38356680110054,15848931.92461118,-39.43549603477517,15848931.92461118,-39.51193706996806,15848931.92461118,-39.59848825558083,15848931.92461118,-39.69142171316642,15848931.92461118,-39.78434873984394,15848931.92461118,-39.88922853962404,15848931.92461118,-39.92496026313508,15848931.92461118,-40.09378814814676,15848931.92461118,-40.20642286735463,15848931.92461118,-40.31475511058323,15848931.92461118,-40.41770231849996,15848931.92461118,-40.57756412207647
25118864.31509588,-29.34782341254484,25118864.31509588,-30.04875915489368,25118864.31509588,-30.54942344619185,25118864.31509588,-30.93314331886076,25118864.31509588,-31.24665575173715,25118864.31509588,-31.51849573068207,25118864.31509588,-31.76326389246059,25118864.31509588,-31.99012914643945,25118864.31509588,-32.20479216882388,25118864.31509588,-32.41096352223516,25118864.31509588,-32.59068272404618,25118864.31509588,-32.80639745869151,25118864.31509588,-33.00205356594336,25118864.31509588,-33.19882316644001,25118864.31509588,-33.40042470735447,25118864.31509588,-33.61469790752908,25118864.31509588,-33.86073624347293,25118864.31509588,-34.18273453302776,25118864.31509588,-34.67873530346562,25118864.31509588,-35.58728610107828,25118864.31509588,-22.92014956555447,25118864.31509588,-32.57447040199781,25118864.31509588,-32.93958084131839,25118864.31509588,-32.60657923588834,25118864.31509588,-32.54825564131587,25118864.31509588,-32.55258860015891,25118864.31509588,-32.67770892978085,25118864.31509588,-32.83456810307651,25118864.31509588,-33.0099136935978,25118864.31509588,-33.18983134083908,25118864.31509588,-33.36566498149176,25118864.31509588,-33.53610392164813,25118864.31509588,-33.69819834852208,25118864.31509588,-33.86108730926495,25118864.31509588,-33.97034198150837,25118864.31509588,-34.16566074295249,25118864.31509588,-34.31791999136096,25118864.31509588,-34.46316128775742,25118864.31509588,-34.60116996813534,25118864.31509588,-34.77915205866108
39810717.05534985,-24.93182617831281,39810717.05534985,-25.27605482596746,39810717.05534985,-25.53242626955666,39810717.05534985,-25.73180275472011,39810717.05534985,-25.89600197736118,39810717.05534985,-26.03943045008051,39810717.05534985,-26.16930752256125,39810717.05534985,-26.29226239973622,39810717.05534985,-26.40983749710511,39810717.05534985,-26.52501581010379,39810717.05534985,-26.62510996818132,39810717.05534985,-26.75149409089968,39810717.05534985,-26.8671845031086,39810717.05534985,-26.98677008556254,39810717.05534985,-27.11395016583943,39810717.05534985,-27.25695311745152,39810717.05534985,-27.43551875406621,39810717.05534985,-27.69799688684227,39810717.05534985,-28.15716134004068,39810717.05534985,-29.06420416817646,39810717.05534985,-21.28893603687864,39810717.05534985,-26.17712972583025,39810717.05534985,-25.9299350671241,39810717.05534985,-25.71227267839008,39810717.05534985,-25.68835528433102,39810717.05534985,-25.73453047422248,39810717.05534985,-25.86926757238374,39810717.05534985,-26.03710400579509,39810717.05534985,-26.22211377021365,39810717.05534985,-26.41066085784715,39810717.05534985,-26.59497752635858,39810717.05534985,-26.77338739003892,39810717.05534985,-26.94387662488955,39810717.05534985,-27.11213229411722,39810717.05534985,-27.24408465934695,39810717.05534985,-27.42772748815643,39810717.05534985,-27.58203176888909,39810717.05534985,-27.72996983693571,39810717.05534985,-27.87148990357888,39810717.05534985,-28.03634106789601
63095734.44801953,-22.81778494931162,63095734.44801953,-23.00511737014785,63095734.44801953,-23.13717116222872,63095734.44801953,-23.23166440699096,63095734.44801953,-23.30149149660106,63095734.44801953,-23.35559632728487,63095734.44801953,-23.39855732786316,63095734.44801953,-23.43614386612726,63095734.44801953,-23.46832910857499,63095734.44801953,-23.49786360253966,63095734.44801953,-23.51632127301629,63095734.44801953,-23.55044998405877,63095734.44801953,-23.577005370321,63095734.44801953,-23.6062734532346,63095734.44801953,-23.64245359115591,63095734.44801953,-23.69490786656439,63095734.44801953,-23.78590466365435,63095734.44801953,-23.96937146188544,63095734.44801953,-24.37306216018682,63095734.44801953,-25.2527691261304,63095734.44801953,-20.76425228012431,63095734.44801953,-22.15714573961201,63095734.44801953,-21.51986233084585,63095734.44801953,-21.17911718197755,63095734.44801953,-21.01342655661706,63095734.44801953,-20.93524188186701,63095734.44801953,-20.93548182851482,63095734.44801953,-20.97451088137208,63095734.44801953,-21.03436174575408,63095734.44801953,-21.10095536380126,63095734.44801953,-21.16657902369985,63095734.44801953,-21.22931302362884,63095734.44801953,-21.28786451924047,63095734.44801953,-21.34640423081716,63095734.44801953,-21.38200822618427,63095734.44801953,-21.45480030607374,63095734.44801953,-21.50937304163885,63095734.44801953,-21.56181202500884,63095734.44801953,-21.6114142652587,63095734.44801953,-21.67220051948235
100000000.0000003,-21.57693101163928,100000000.0000003,-21.70137304033242,100000000.0000003,-21.78826044167506,100000000.0000003,-21.84882576295328,100000000.0000003,-21.8914661890353,100000000.0000003,-21.92247300112363,100000000.0000003,-21.94550004427341,100000000.0000003,-21.96459405077207,100000000.0000003,-21.98005450048054,100000000.0000003,-21.99359000159214,100000000.0000003,-22.00060341941147,100000000.0000003,-22.01510069414708,100000000.0000003,-22.02469207132595,100000000.0000003,-22.03489869854291,100000000.0000003,-22.04827901182437,100000000.0000003,-22.07085032566066,100000000.0000003,-22.11722704785453,100000000.0000003,-22.22389129784117,100000000.0000003,-22.48119130652501,100000000.0000003,-23.08294288510512,100000000.0000003,-20.50192138976666,100000000.0000003,-20.14963232266401,100000000.0000003,-19.47435691175946,100000000.0000003,-19.12056173056954,100000000.0000003,-18.91418842715862,100000000.0000003,-18.79043760401466,100000000.0000003,-18.73193821660577,100000000.0000003,-18.70817561515831,100000000.0000003,-18.70037304963884,100000000.0000003,-18.69473849717512,100000000.0000003,-18.68401310380017,100000000.0000003,-18.66640049625902,100000000.0000003,-18.6418319595887,100000000.0000003,-18.61391137128485,100000000.0000003,-18.57087001468112,100000000.0000003,-18.54792444784417,100000000.0000003,-18.51399372034336,100000000.0000003,-18.47867175992818,100000000.0000003,-18.44134596083124,100000000.0000003,-18.4072249071659
158489319.2461119,-20.75871043160369,158489319.2461119,-20.81822954335135,158489319.2461119,-20.8560199265142,158489319.2461119,-20.87684899246398,158489319.2461119,-20.88581760056587,158489319.2461119,-20.88746612947727,158489319.2461119,-20.88482566326402,158489319.2461119,-20.88069708850988,158489319.2461119,-20.87563699941159,158489319.2461119,-20.87057706181568,158489319.2461119,-20.86308163591977,158489319.2461119,-20.85978234877985,158489319.2461119,-20.85430547602162,158489319.2461119,-20.84924954989075,158489319.2461119,-20.84583122732698,158489319.2461119,-20.84732967193825,158489319.2461119,-20.86232487582842,158489319.2461119,-20.91202364791859,158489319.2461119,-21.05308576219987,158489319.2461119,-21.41833184320372,158489319.2461119,-20.18325934429961,158489319.2461119,-19.16053370464252,158489319.2461119,-18.51219665142971,158489319.2461119,-18.16907493546882,158489319.2461119,-17.95777583763914,158489319.2461119,-17.82534464214195,158489319.2461119,-17.75183949404724,158489319.2461119,-17.71154172480685,158489319.2461119,-17.68554004588361,158489319.2461119,-17.66044485900066,158489319.2461119,-17.62935591431933,158489319.2461119,-17.59051529214793,158489319.2461119,-17.54458239152074,158489319.2461119,-17.49468948330621,158489319.2461119,-17.43681278655196,158489319.2461119,-17.38856624382723,158489319.2461119,-17.33608243568045,158489319.2461119,-17.28414532073715,158489319.2461119,-17.23253903985779,158489319.2461119,-17.18368927262421
251188643.1509589,-20.7577962561733,251188643.1509589,-20.75574328229579,251188643.1509589,-20.74210550477464,251188643.1509589,-20.71737104120297,251188643.1509589,-20.68470310115093,251188643.1509589,-20.64768683760734,251188643.1509589,-20.60900653250662,251188643.1509589,-20.57081580551026,251188643.1509589,-20.53379357107078,251188643.1509589,-20.49847686288452,251188643.1509589,-20.46342448576488,251188643.1509589,-20.43191917150571,251188643.1509589,-20.40021513223854,251188643.1509589,-20.36954715927967,251188643.1509589,-20.34033751746441,251188643.1509589,-20.31426255672988,251188643.1509589,-20.2967835620852,251188643.1509589,-20.29897896644262,251188643.1509589,-20.35568786244465,251188643.1509589,-20.55351793439013,251188643.1509589,-20.44631641173578,251188643.1509589,-19.13953981655358,251188643.1509589,-18.46724099046961,251188643.1509589,-18.09931705162322,251188643.1509589,-17.85986166050781,251188643.1509589,-17.69948065506639,251188643.1509589,-17.59584617760533,251188643.1509589,-17.52524509703943,251188643.1509589,-17.46877523760288,251188643.1509589,-17.41326026085298,251188643.1509589,-17.35194798815927,251188643.1509589,-17.28313625386198,251188643.1509589,-17.20794390938393,251188643.1509589,-17.12951294341098,251188643.1509589,-17.04745996333459,251188643.1509589,-16.97177269647241,251188643.1509589,-16.89627586316531,251188643.1509589,-16.82363831499471,251188643.1509589,-16.7537887337878,251188643.1509589,-16.68790507317971
398107170.5534986,-21.87245434160758,398107170.5534986,-21.82012101094395,398107170.5534986,-21.76110017815047,398107170.5534986,-21.69373306367114,398107170.5534986,-21.62027432198421,398107170.5534986,-21.54391215919574,398107170.5534986,-21.46721453813673,398107170.5534986,-21.3920611756404,398107170.5534986,-21.31925539022076,398107170.5534986,-21.24920259848088,398107170.5534986,-21.1808665273276,398107170.5534986,-21.11647524952626,398107170.5534986,-21.05307568046327,398107170.5534986,-20.99145233522211,398107170.5534986,-20.93158325178498,398107170.5534986,-20.87424043862654,398107170.5534986,-20.82350862180969,398107170.5534986,-20.78366516952575,398107170.5534986,-20.77580857293349,398107170.5534986,-20.85337293128148,398107170.5534986,-21.78108265331736,398107170.5534986,-20.2828396105669,398107170.5534986,-19.55233143279141,398107170.5534986,-19.13952797874637,398107170.5534986,-18.85835759773909,398107170.5534986,-18.65855417507644,398107170.5534986,-18.51536748055897,398107170.5534986,-18.40541226321434,398107170.5534986,-18.30952065673496,398107170.5534986,-18.21434886707731,398107170.5534986,-18.11303223224694,398107170.5534986,-18.00390065182874,398107170.5534986,-17.88844608268382,398107170.5534986,-17.77018354362352,398107170.5534986,-17.65034036897895,398107170.5534986,-17.53665741480071,398107170.5534986,-17.42572951301675,398107170.5534986,-17.31961608424066,398107170.5534986,-17.21828527468152,398107170.5534986,-17.12225919885693
630957344.4801955,-24.0474997095843,630957344.4801955,-23.96235781187017,630957344.4801955,-23.87195639459577,630957344.4801955,-23.77380789571509,630957344.4801955,-23.66983441846242,630957344.4801955,-23.56311050438788,630957344.4801955,-23.4562009983605,630957344.4801955,-23.3509014544522,630957344.4801955,-23.24814624268373,630957344.4801955,-23.1483556667515,630957344.4801955,-23.05062580738344,630957344.4801955,-22.95727686791184,630957344.4801955,-22.86530212992805,630957344.4801955,-22.77550070231204,630957344.4801955,-22.68762936742768,630957344.4801955,-22.60196322274394,630957344.4801955,-22.52203665667346,630957344.4801955,-22.44758437227514,630957344.4801955,-22.39092888266754,630957344.4801955,-22.38215509469781,630957344.4801955,-24.11394336212225,630957344.4801955,-22.46699497291578,630957344.4801955,-21.68470649644123,630957344.4801955,-21.23598479250277,630957344.4801955,-20.92227119394049,630957344.4801955,-20.69141215752083,630957344.4801955,-20.51678624981452,630957344.4801955,-20.37489456638065,630957344.4801955,-20.24632188514264,630957344.4801955,-20.11744518638969,630957344.4801955,-19.98118860176318,630957344.4801955,-19.83589240157221,630957344.4801955,-19.68334692559904,630957344.4801955,-19.52756717682141,630957344.4801955,-19.37042793162641,630957344.4801955,-19.21990898209526,630957344.4801955,-19.07312607375583,630957344.4801955,-18.93226491160161,630957344.4801955,-18.7973332203098,630957344.4801955,-18.66852581196685
1000000000.000004,-26.83980521781648,1000000000.000004,-26.75003521397482,1000000000.000004,-26.65348955580654,1000000000.000004,-26.54788714106227,1000000000.000004,-26.4352676433608,1000000000.000004,-26.31879260867522,1000000000.000004,-26.20110593766653,1000000000.000004,-26.08403317784373,1000000000.000004,-25.96863895478684,1000000000.000004,-25.85543755553113,1000000000.000004,-25.74355267781724,1000000000.000004,-25.63586608766239,1000000000.000004,-25.52905452155028,1000000000.000004,-25.42412915255148,1000000000.000004,-25.32079855140685,1000000000.000004,-25.21911986556258,1000000000.000004,-25.12234591524491,1000000000.000004,-25.0277168943297,1000000000.000004,-24.94231588956264,1000000000.000004,-24.88149359250332,1000000000.000004,-26.92301253796816,1000000000.000004,-25.16530948957546,1000000000.000004,-24.3703837443301,1000000000.000004,-23.92150529511773,1000000000.000004,-23.60719100744134,1000000000.000004,-23.3737199946334,1000000000.000004,-23.19357469346597,1000000000.000004,-23.0436922404388,1000000000.000004,-22.9049946514948,1000000000.000004,-22.76396361926656,1000000000.000004,-22.61351656510717,1000000000.000004,-22.45207590291796,1000000000.000004,-22.28166286893705,1000000000.000004,-22.10673177628407,1000000000.000004,-21.92928928454078,1000000000.000004,-21.75848406440456,1000000000.000004,-21.59097518582224,1000000000.000004,-21.4293676504302,1000000000.000004,-21.27372072488901,1000000000.000004,-21.12405716423012
1584893192.461119,-29.56312436418208,1584893192.461119,-29.50603672814054,1584893192.461119,-29.43814319578597,1584893192.461119,-29.35823235918121,1584893192.461119,-29.26883697384296,1584893192.461119,-29.17335195014886,1584893192.461119,-29.07454718243138,1584893192.461119,-28.97432637648705,1584893192.461119,-28.87385134962948,1584893192.461119,-28.77374376311509,1584893192.461119,-28.67318429768677,1584893192.461119,-28.57548352970124,1584893192.461119,-28.47722358600489,1584893192.461119,-28.37959651851332,1584893192.461119,-28.28238856115273,1584893192.461119,-28.1856270519465,1584893192.461119,-28.09223659101042,1584893192.461119,-27.99875418967074,1584893192.461119,-27.90949660968865,1584893192.461119,-27.83214857711183,1584893192.461119,-29.48227330028876,1584893192.461119,-27.63125308470818,1584893192.461119,-26.87304144122034,1584893192.461119,-26.47227139893923,1584893192.461119,-26.20226364218567,1584893192.461119,-26.00715301967725,1584893192.461119,-25.85940434941755,1584893192.461119,-25.73714148130975,1584893192.461119,-25.62234517128786,1584893192.461119,-25.5021833936709,1584893192.461119,-25.36989807678527,1584893192.461119,-25.22409011283908,1584893192.461119,-25.06696321297826,1584893192.461119,-24.90324258366911,1584893192.461119,-24.7350022032461,1584893192.461119,-24.57220271890867,1584893192.461119,-24.41118899561867,1584893192.461119,-24.254892919891,1584893192.461119,-24.10344325688914,1584893192.461119,-23.95677850583425
2511886431.50959,-31.6029528695546,2511886431.50959,-31.60330242247246,2511886431.50959,-31.58922410996231,2511886431.50959,-31.56074366354563,2511886431.50959,-31.52090794978137,2511886431.50959,-31.47327312173323,2511886431.50959,-31.4206257530034,2511886431.50959,-31.36484045602406,2511886431.50959,-31.30702333764283,2511886431.50959,-31.24777807640706,2511886431.50959,-31.18641742037465,2511886431.50959,-31.12592040580772,2511886431.50959,-31.06333823192076,2511886431.50959,-30.99973482433781,2511886431.50959,-30.93496625282099,2511886431.50959,-30.86905594653837,2511886431.50959,-30.80431486373786,2511886431.50959,-30.73779150829254,2511886431.50959,-30.6722598720737,2511886431.50959,-30.6119466571728,2511886431.50959,-31.24056808787138,2511886431.50959,-29.30558189272521,2511886431.50959,-28.60756184837123,2511886431.50959,-28.28018818560503,2511886431.50959,-28.08095628162682,2511886431.50959,-27.95074278095984,2511886431.50959,-27.86205991907253,2511886431.50959,-27.79432857217272,2511886431.50959,-27.73075638342756,2511886431.50959,-27.65943612971116,2511886431.50959,-27.57405603994071,2511886431.50959,-27.47333377922638,2511886431.50959,-27.35952202776107,2511886431.50959,-27.23729886599531,2511886431.50959,-27.1091563015015,2511886431.50959,-26.98418251838888,2511886431.50959,-26.8596373080113,2511886431.50959,-26.73823459016485,2511886431.50959,-26.62014483289452,2511886431.50959,-26.50526564260216
3981071705.534988,-32.79264263783197,3981071705.534988,-32.8439826531806,3981071705.534988,-32.87959850830804,3981071705.534988,-32.90040980476802,3981071705.534988,-32.90982570798361,3981071705.534988,-32.91147703173268,3981071705.534988,-32.90810412524123,3981071705.534988,-32.90149340676313,3981071705.534988,-32.89261551236057,3981071705.534988,-32.88197026857613,3981071705.534988,-32.86906819938128,3981071705.534988,-32.85594476939498,3981071705.534988,-32.84051095969761,3981071705.534988,-32.82343484460798,3981071705.534988,-32.80456991048666,3981071705.534988,-32.78388100311209,3981071705.534988,-32.76283649327548,3981071705.534988,-32.73951370470367,3981071705.534988,-32.71565593726385,3981071705.534988,-32.69401942071924,3981071705.534988,-32.18075105532034,3981071705.534988,-30.18636080489452,3981071705.534988,-29.53506510448218,3981071705.534988,-29.26565577040594,3981071705.534988,-29.12438339645336,3981071705.534988,-29.04934866998206,3981071705.534988,-29.01284796852149,3981071705.534988,-28.99521375683777,3981071705.534988,-28.9805479739842,3981071705.534988,-28.95771061961255,3981071705.534988,-28.92078335189371,3981071705.534988,-28.86854696012968,3981071705.534988,-28.80324301192689,3981071705.534988,-28.72932725580388,3981071705.534988,-28.65002871024977,3981071705.534988,-28.57225593007472,3981071705.534988,-28.49515971423023,3981071705.534988,-28.42078781730756,3981071705.534988,-28.3493084908864,3981071705.534988,-28.2805624416124
6309573444.801957,-33.36866449705276,6309573444.801957,-33.45029557976212,6309573444.801957,-33.51614796072862,6309573444.801957,-33.56765451241663,6309573444.801957,-33.60845534419505,6309573444.801957,-33.64224689668517,6309573444.801957,-33.67176435546659,6309573444.801957,-33.69876123278917,6309573444.801957,-33.72413696298216,6309573444.801957,-33.7483360732967,6309573444.801957,-33.77107590975155,6309573444.801957,-33.79356059830948,6309573444.801957,-33.81447407978919,6309573444.801957,-33.83414800228439,6309573444.801957,-33.85243700300441,6309573444.801957,-33.86926892344798,6309573444.801957,-33.88542571827827,6309573444.801957,-33.89991496872268,6309573444.801957,-33.9138643835964,6309573444.801957,-33.92947448554246,6309573444.801957,-32.60840265209001,6309573444.801957,-30.58535308156356,6309573444.801957,-29.96012439584696,6309573444.801957,-29.72271293321782,6309573444.801957,-29.61392558403863,6309573444.801957,-29.57043453569774,6309573444.801957,-29.56436265997134,6309573444.801957,-29.57656909296644,6309573444.801957,-29.59167467434633,6309573444.801957,-29.59902703012745,6309573444.801957,-29.5929919271608,6309573444.801957,-29.57242631123261,6309573444.801957,-29.5396007662744,6309573444.801957,-29.4988236103047,6309573444.801957,-29.45398948831061,6309573444.801957,-29.41012999453238,6309573444.801957,-29.36806269330358,6309573444.801957,-29.3292725791862,6309573444.801957,-29.29395110782808,6309573444.801957,-29.26190417040557
10000000000,-33.61925290017301,10000000000,-33.71532662289496,10000000000,-33.7957724478244,10000000000,-33.86227324717709,10000000000,-33.91859292599748,10000000000,-33.96847489143303,10000000000,-34.01466869173429,10000000000,-34.05892913912835,10000000000,-34.10213688801833,10000000000,-34.14472531352338,10000000000,-34.18655220948838,10000000000,-34.22835703982732,10000000000,-34.26928897503092,10000000000,-34.30950407574037,10000000000,-34.34887533526316,10000000000,-34.38732943019485,10000000000,-34.42526810752987,10000000000,-34.46227314501319,10000000000,-34.49918271277708,10000000000,-34.5380233897137,10000000000,-32.78671415986578,10000000000,-30.76061331687168,10000000000,-30.15061944768297,10000000000,-29.92932694362796,10000000000,-29.83643087712398,10000000000,-29.80826781746885,10000000000,-29.81698755379423,10000000000,-29.84375337438945,10000000000,-29.87347060437407,10000000000,-29.89575650753756,10000000000,-29.90514848340963,10000000000,-29.90056915724065,10000000000,-29.88432793296199,10000000000,-29.86067248276774,10000000000,-29.83388961215491,10000000000,-29.80796955641495,10000000000,-29.78468842391685,10000000000,-29.76523354458607,10000000000,-29.74983234925208,10000000000,-29.73828716977167
